{"mumble":{"startup":{"done":"Server listening on","userInteraction":["Generating new server certificate"]},"stop":"^C","configs":{"murmur.ini":{"parser":"ini","find":{"logfile":"murmur.log","port":"{{server.build.default.port}}","host":"0.0.0.0","users":"{{server.build.env.MAX_USERS}}"}}},"log":{"custom":true,"location":"logs\/murmur.log"},"query":"none"},"ts3":{"startup":{"done":"listening on 0.0.0.0:","userInteraction":[]},"stop":"^C","configs":{"ts3server.ini":{"parser":"ini","find":{"default_voice_port":"{{server.build.default.port}}","voice_ip":"0.0.0.0","query_port":"{{server.build.default.port}}","query_ip":"0.0.0.0"}}},"log":{"custom":true,"location":"logs\/ts3.log"},"query":"none"}}