{
  "web": {
    "host": "0.0.0.0",
    "listen": 8080,
    "ssl": {
      "enabled": true,
      "certificate": "/etc/letsencrypt/live/daemon.sfoxdev.com/fullchain.pem",
      "key": "/etc/letsencrypt/live/daemon.sfoxdev.com/privkey.pem"
    }
  },
  "docker": {
    "socket": "/var/run/docker.sock",
    "autoupdate_images": true,
    "timezone_path": "/etc/localtime",
    "interface": "172.18.0.1"
  },
  "sftp": {
    "path": "/srv/daemon-data",
    "port": 2022,
    "container": "a3e551de6ce1505f2bb05da0930ce4359bb152c4d77c8c3ae65fa16a9acb3d42"
  },
  "logger": {
    "path": "logs/",
    "src": false,
    "level": "info",
    "period": "1d",
    "count": 3
  },
  "remote": {
    "base": "https://panel.sfoxdev.com"
  },
  "uploads": {
    "size_limit": 100
  },
  "keys": [
    "736965db-3888-4e03-a375-720d2af13d30"
  ]
}
