{
  "uuid": "2704156a-cc3b-46c4-bbf2-131342ef7b74",
  "user": "teamsp_2704156a",
  "build": {
    "default": {
      "ip": "192.168.0.115",
      "port": 25575
    },
    "ports": {
      "192.168.0.115": [
        25575
      ]
    },
    "env": {
      "TS_VERSION": "3.0.13.6",
      "STARTUP": "./ts3server_minimal_runscript.sh default_voice_port={{SERVER_PORT}} query_port={{SERVER_PORT}}",
      "P_VARIABLE__LOCATION": "eu",
      "SERVER_MEMORY": 100,
      "SERVER_IP": "192.168.0.115",
      "SERVER_PORT": 25575
    },
    "memory": 100,
    "swap": 0,
    "io": 500,
    "cpu": 0,
    "disk": 1000,
    "image": "quay.io/pterodactyl/core:glibc",
    "user": 15005
  },
  "service": {
    "type": "voice",
    "option": "ts3",
    "pack": null,
    "skip_scripts": false
  },
  "keys": {
    "afe79fac-ea32-4d42-9c7b-f3a6521c441c": [
      "s:*"
    ]
  },
  "rebuild": false,
  "container": {
    "id": "9a636ece73d4",
    "image": "quay.io/pterodactyl/core:glibc"
  },
  "suspended": 0
}
