{
  "uuid": "f3e3a47a-f100-45ff-8901-f59d56a2c940",
  "user": "teamsp_f3e3a47a",
  "build": {
    "default": {
      "ip": "192.168.0.115",
      "port": 25565
    },
    "ports": {
      "192.168.0.115": [
        25565
      ]
    },
    "env": {
      "TS_VERSION": "3.0.13.6",
      "STARTUP": "./ts3server_minimal_runscript.sh default_voice_port={{SERVER_PORT}} query_port={{SERVER_PORT}}",
      "P_VARIABLE__LOCATION": "eu",
      "SERVER_MEMORY": 1000,
      "SERVER_IP": "192.168.0.115",
      "SERVER_PORT": 25565
    },
    "memory": 100,
    "swap": 0,
    "io": 500,
    "cpu": 0,
    "disk": 1000,
    "image": "quay.io/pterodactyl/core:glibc",
    "user": 15001
  },
  "service": {
    "type": "voice",
    "option": "ts3",
    "pack": null,
    "skip_scripts": false
  },
  "keys": {
    "0eb68fe9-6d2f-4ac6-8670-4ecb1cdd6b2c": [
      "s:*"
    ]
  },
  "rebuild": true,
  "container": {
    "id": "cdb285350ac0",
    "image": "quay.io/pterodactyl/core:glibc"
  },
  "suspended": 0
}
