{
  "uuid": "44662029-be10-4e18-b5af-107f9a2bbb62",
  "user": "arksur_44662029",
  "build": {
    "default": {
      "ip": "192.168.0.115",
      "port": 7777
    },
    "ports": {
      "192.168.0.115": [
        7777,
        7778,
        27015
      ]
    },
    "env": {
      "ARK_PASSWORD": "",
      "ARK_ADMIN_PASSWORD": "Be2Happy",
      "SERVER_MAX_PLAYERS": "20",
      "STARTUP": "./ShooterGame/Binaries/Linux/ShooterGameServer TheIsland?listen?ServerPassword={{ARK_PASSWORD}}?ServerAdminPassword={{ARK_ADMIN_PASSWORD}}?Port={{SERVER_PORT}}?MaxPlayers={{SERVER_MAX_PLAYERS}}",
      "P_VARIABLE__LOCATION": "eu",
      "ALLOC_0__PORT": 7778,
      "ALLOC_1__PORT": 27015,
      "SERVER_MEMORY": 3500,
      "SERVER_IP": "192.168.0.115",
      "SERVER_PORT": 7777
    },
    "memory": 3500,
    "swap": 0,
    "io": 500,
    "cpu": 0,
    "disk": 10000,
    "image": "quay.io/pterodactyl/core:source",
    "user": 15004
  },
  "service": {
    "type": "srcds",
    "option": "ark",
    "pack": null,
    "skip_scripts": false
  },
  "keys": {
    "06a1ae10-b6c9-4573-a98f-d92eca842227": [
      "s:*"
    ]
  },
  "rebuild": false,
  "container": {
    "id": "3391a2807363",
    "image": "quay.io/pterodactyl/core:source"
  },
  "suspended": 0
}
