{
  "uuid": "a2a4bd22-fdd9-4d4d-bd90-6b4eba3e7e5c",
  "user": "rust_a2a4bd22",
  "build": {
    "default": {
      "ip": "192.168.0.115",
      "port": 28015
    },
    "ports": {
      "192.168.0.115": [
        28015,
        28016
      ]
    },
    "env": {
      "LD_LIBRARY_PATH": "./RustDedicated_Data/Plugins/x86_64",
      "HOSTNAME": "UA Rust Server",
      "LEVEL": "Procedural Map",
      "DESCRIPTION": "Powered by SFoxDev Servers",
      "URL": "http://sfoxdev.com",
      "WORLD_SIZE": "3000",
      "SEED": "",
      "MAX_PLAYERS": "40",
      "RCON_PASS": "Be2Happy",
      "ADDITIONAL_ARGS": "",
      "RCON_PORT": "28016",
      "SERVER_IMG": "",
      "STARTUP": "./RustDedicated -batchmode +server.port {{SERVER_PORT}} +server.identity \"rust\" +rcon.port {{RCON_PORT}} +rcon.web true +server.hostname \\\"{{HOSTNAME}}\\\" +server.level \\\"{{LEVEL}}\\\" +server.description \\\"{{DESCRIPTION}}\\\" +server.url \\\"{{URL}}\\\" +server.headerimage \\\"{{SERVER_IMG}}\\\" +server.worldsize \\\"{{WORLD_SIZE}}\\\" +server.seed \\\"{{SEED}}\\\" +server.maxplayers {{MAX_PLAYERS}} +rcon.password \\\"{{RCON_PASS}}\\\" {{ADDITIONAL_ARGS}}",
      "P_VARIABLE__LOCATION": "eu",
      "ALLOC_0__PORT": 28016,
      "SERVER_MEMORY": 4000,
      "SERVER_IP": "192.168.0.115",
      "SERVER_PORT": 28015
    },
    "memory": 4000,
    "swap": 0,
    "io": 500,
    "cpu": 0,
    "disk": 15000,
    "image": "tenten8401/pterodactyl-rust",
    "user": 15003
  },
  "service": {
    "type": "rust",
    "option": "rustvanilla",
    "pack": null,
    "skip_scripts": false
  },
  "keys": {
    "8ce7d142-4f5f-48bc-84e1-0896d7532343": [
      "s:*"
    ]
  },
  "rebuild": false,
  "container": {
    "id": "c1c88b443fb4",
    "image": "tenten8401/pterodactyl-rust"
  },
  "suspended": 0
}
