{
  "uuid": "1e71ca87-fa90-44c9-9823-4afb908ca5b2",
  "user": "unturn_1e71ca87",
  "build": {
    "default": {
      "ip": "192.168.0.115",
      "port": 29015
    },
    "ports": {
      "192.168.0.115": [
        29015,
        29016,
        29017
      ]
    },
    "env": {
      "STEAM_USER": "sfoxsrv",
      "STEAM_PASS": "a2L3d2V4RnwF",
      "STARTUP": "mono RocketLauncher.exe unturned",
      "P_VARIABLE__LOCATION": "eu",
      "ALLOC_0__PORT": 29016,
      "ALLOC_1__PORT": 29017,
      "SERVER_MEMORY": 1000,
      "SERVER_IP": "192.168.0.115",
      "SERVER_PORT": 29015
    },
    "memory": 100,
    "swap": 0,
    "io": 500,
    "cpu": 0,
    "disk": 15000,
    "image": "tenten8401/pterodactyl-unturned",
    "user": 15002
  },
  "service": {
    "type": "unturned",
    "option": "unturnedrocketmod",
    "pack": null,
    "skip_scripts": false
  },
  "keys": {
    "35742797-70c1-45e1-a465-deadaa7a0e89": [
      "s:*"
    ]
  },
  "rebuild": true,
  "container": {
    "id": "692ced5ab76b",
    "image": "tenten8401/pterodactyl-unturned"
  },
  "suspended": 0
}
